index,timestep,node,demand_el
0,t0001,n1,51.0
1,t0001,n2,20.0
2,t0001,n3,39.0
3,t0001,n4,39.0
4,t0001,n5,0.0
5,t0001,n6,52.0
6,t0001,n7,19.0
7,t0001,n8,28.0
8,t0001,n9,0.0
9,t0001,n10,0.0
10,t0001,n11,70.0
11,t0001,n12,47.0
12,t0001,n13,34.0
13,t0001,n14,14.0
14,t0001,n15,90.0
15,t0001,n16,25.0
16,t0001,n17,11.0
17,t0001,n18,60.0
18,t0001,n19,45.0
19,t0001,n20,18.0
20,t0001,n21,14.0
21,t0001,n22,10.0
22,t0001,n23,7.0
23,t0001,n24,13.0
24,t0001,n25,0.0
25,t0001,n26,0.0
26,t0001,n27,71.0
27,t0001,n28,17.0
28,t0001,n29,24.0
29,t0001,n30,0.0
30,t0001,n31,43.0
31,t0001,n32,59.0
32,t0001,n33,23.0
33,t0001,n34,59.0
34,t0001,n35,33.0
35,t0001,n36,31.0
36,t0001,n37,0.0
37,t0001,n38,0.0
38,t0001,n39,27.0
39,t0001,n40,66.0
40,t0001,n41,37.0
41,t0001,n42,96.0
42,t0001,n43,18.0
43,t0001,n44,16.0
44,t0001,n45,53.0
45,t0001,n46,28.0
46,t0001,n47,34.0
47,t0001,n48,20.0
48,t0001,n49,87.0
49,t0001,n50,17.0
50,t0001,n51,17.0
51,t0001,n52,18.0
52,t0001,n53,23.0
53,t0001,n54,113.0
54,t0001,n55,63.0
55,t0001,n56,84.0
56,t0001,n57,12.0
57,t0001,n58,12.0
58,t0001,n59,277.0
59,t0001,n60,78.0
60,t0001,n61,0.0
61,t0001,n62,77.0
62,t0001,n63,0.0
63,t0001,n64,0.0
64,t0001,n65,0.0
65,t0001,n66,39.0
66,t0001,n67,28.0
67,t0001,n68,0.0
68,t0001,n69,0.0
69,t0001,n70,66.0
70,t0001,n71,0.0
71,t0001,n72,12.0
72,t0001,n73,6.0
73,t0001,n74,68.0
74,t0001,n75,47.0
75,t0001,n76,68.0
76,t0001,n77,61.0
77,t0001,n78,71.0
78,t0001,n79,39.0
79,t0001,n80,130.0
80,t0001,n81,0.0
81,t0001,n82,54.0
82,t0001,n83,20.0
83,t0001,n84,11.0
84,t0001,n85,24.0
85,t0001,n86,21.0
86,t0001,n87,0.0
87,t0001,n88,48.0
88,t0001,n89,0.0
89,t0001,n90,163.0
90,t0001,n91,10.0
91,t0001,n92,65.0
92,t0001,n93,12.0
93,t0001,n94,30.0
94,t0001,n95,42.0
95,t0001,n96,38.0
96,t0001,n97,15.0
97,t0001,n98,34.0
98,t0001,n99,42.0
99,t0001,n100,37.0
100,t0001,n101,22.0
101,t0001,n102,5.0
102,t0001,n103,23.0
103,t0001,n104,38.0
104,t0001,n105,31.0
105,t0001,n106,43.0
106,t0001,n107,50.0
107,t0001,n108,2.0
108,t0001,n109,8.0
109,t0001,n110,39.0
110,t0001,n111,0.0
111,t0001,n112,68.0
112,t0001,n113,6.0
113,t0001,n114,8.0
114,t0001,n115,22.0
115,t0001,n116,184.0
116,t0001,n117,20.0
117,t0001,n118,33.0
